dataset,horizon,mae,std_mae,rmse,rmse_states,pcc,pcc_states,mape,r2,r2_states,var,var_states,peak_mae
japan,5,444.28278,370.8096,1155.8110788532874,852.3786,0.8711261368060956,0.8793265768266719,0.0681487625,0.6827481521931635,0.6874813255221075,0.6909081935882568,0.7096470087132556,324.84088
japan,3,632.7608,502.66678,1326.6274439344304,990.8537,0.8019117694372532,0.8023550305627322,0.24779015,0.5820461190703122,0.5630426146061946,0.6049495935440063,0.6096700303097988,322.35852
region785,5,424.5071,224.00528,779.1602851788584,664.7509,0.8470958583060959,0.7806932219989406,7.977821230888367e-08,0.7010730301727903,0.3788375032511843,0.7034202814102173,0.5813463926315308,341.3276
region785,3,337.91736,187.53966,622.8181415951209,526.16785,0.9019593375271322,0.8511315158983421,5.4837602376937864e-08,0.8089997272251653,0.6386396231578105,0.8090029954910278,0.7058831572532653,268.60837
region785,10,738.49023,420.45447,1097.5300109791988,935.8707,0.6562127934779366,0.4339390706714553,1.7420414686203003e-07,0.4068776672179092,-0.23486546917055212,0.4296002984046936,0.2085643529891968,483.89227
region785,15,620.9106,410.40326,1076.3865476677047,885.8016,0.6718895352236771,0.44427348034381636,1.0991911888122559e-07,0.4295100058032878,0.11313704779727447,0.4367982745170593,0.21009964346885682,449.6312
japan,15,593.43695,484.26843,1507.8106645066548,1125.7103,0.7009797727898154,0.7016110982416711,0.07993055625,0.4600866485607975,0.44156717000185997,0.4642341136932373,0.45987108032754126,414.0846
state360,15,109.51171,117.712166,235.90050206601936,157.91838,0.8502968135287026,0.6602875320194116,0.005235676953125,0.7183266834323714,-2.3133161314208217,0.7204930782318115,-1.3446523352545134,64.24989
state360,5,83.16788,90.839485,202.93742300583696,133.47287,0.906640950565131,0.6868779133864527,0.004125980078125,0.7915449884822703,0.0007979554092906318,0.7969977855682373,0.21930026643130243,56.538334
state360,10,106.33814,127.0544,258.9163112860988,165.43428,0.8506045642479445,0.566695543228208,0.00427122578125,0.6606820148185475,-0.7384434585624576,0.6787512302398682,-0.3975883734469511,76.811844
state360,3,68.61786,74.04108,166.34438697510956,108.751144,0.9285572664356863,0.7992551004641846,0.0026205921875,0.8599431570077205,0.32569091052648985,0.8600149154663086,0.47163835350348027,43.844666
spain-covid,3,42.85718,116.79645,182.63840000462662,52.182655,0.262787333452254,nan,0.31883715,-0.022775452791849116,-51.671036348436175,0.005775332450866699,-0.9343293939645474,6.1607714
spain-covid,7,43.013897,118.88818,175.05246981262505,51.47072,0.3752388608236683,nan,0.321293925,0.06042249759234608,-56.058437332661235,0.09157794713973999,-2.5634627835108685,5.534383
spain-covid,14,50.116234,126.464195,187.405017608921,60.428383,0.27031472208776025,nan,0.3830265,-0.07685820524386577,-90.6284900739158,-0.032219886779785156,-10.010898857162548,5.9725475
australia-covid,14,183.49808,373.76233,518.1544472934687,228.95668,0.9866495310343453,0.2988999524083056,0.024858884375,0.9283679407251627,-3314.2861985417835,0.936469316482544,-160.69142071157694,146.22124
australia-covid,7,107.63452,241.04475,369.91308100687655,150.38446,0.9917355110665085,0.6080507495608387,0.0105088109375,0.9634919704208036,-596.3501451051039,0.9659542441368103,-24.80823700875044,94.23731
australia-covid,3,78.7601,178.03535,289.05376338148585,114.17111,0.9945947732157947,0.8121919780208486,0.0051001,0.9777081428380363,-6.668943055400533,0.9791290760040283,-0.6992214694619179,69.500534
ltla_timeseries,3,80.79579,65.309296,164.27722258236227,127.801346,0.7193088809726227,0.7539682868806146,5.260955691337585e-08,0.42784794522983316,0.15038988223883656,0.4775289297103882,0.389063111075791,77.78476
ltla_timeseries,5,82.34776,67.94975,169.41671534267215,131.44069,0.7136121321833135,0.7301233401841959,4.938029050827026e-08,0.3914877808211452,0.10029038604556047,0.46124011278152466,0.380010080754116,79.90569
ltla_timeseries,7,101.01297,76.398186,183.7814598919053,145.99698,0.56921170066704,0.5221751556357855,8.219739198684693e-08,0.2839221004101289,-0.07035536270875987,0.3221985697746277,0.1979672388043455,95.04891
ltla_timeseries,14,101.01167,75.32662,184.36786003124297,147.07423,0.570406867214788,0.4160795803756413,7.711854577064514e-08,0.27934516287083033,-0.08904047076343212,0.3234019875526428,0.15114155283538244,95.92269
nhs_timeseries,14,9.992818,3.5424645,13.173342078922884,12.451613,0.9512055439947826,0.8956616050663554,3.40981274843216e-08,0.8931981072507831,0.7567816103316598,0.8971240520477295,0.7689431139401027,0.21052156
nhs_timeseries,7,11.493473,5.9547005,15.843818378489035,14.138426,0.9305619988986602,0.8745359142463778,4.1438618302345276e-08,0.8455077286400791,0.7250976575663366,0.849397599697113,0.7383195928164891,0.16004181
nhs_timeseries,3,5.307218,2.8174698,7.014328052969006,6.2739234,0.9901232101605824,0.9871238517811614,1.8136870861053467e-08,0.9697197678550736,0.9490895374021191,0.9802996516227722,0.9697220070021493,0.07072245
region785,5,424.5071,224.00528,779.1602851788584,664.7509,0.8470958377682695,0.7806932204425787,7.977821230888367e-08,0.7010730301727903,0.3788375032511843,0.7034202814102173,0.5813463926315308,341.3276
region785,3,337.91736,187.53966,622.8181415951209,526.16785,0.9019593621481723,0.8511315044091396,5.4837602376937864e-08,0.8089997272251653,0.6386396231578105,0.8090029954910278,0.7058831572532653,268.60837
japan,3,459.3838806152344,392.56427,1115.633564392897,823.09644,0.85308456,0.8632096,0.11456432,0.7044209837913513,0.7025658,0.7052204608917236,0.71594447,299.19904
australia-covid,3,107.50592041015625,223.55598,323.1908298513434,137.79854,0.9948391,0.7157897,0.0071072946,0.9721319079399109,-90.58027,0.9749701023101807,-49.804413,86.744385
spain-covid,3,17.75965690612793,71.3833,146.7625766544387,30.048166,0.60373485,nan,0.11165621,0.33956992626190186,-3.1987634,0.33968091011047363,-2.3724837,5.2742767
japan,5,473.0966491699219,401.89517,1140.9645590464236,840.65533,0.85794926,0.8709375,0.13938127,0.6908460855484009,0.6969474,0.6923993825912476,0.71068263,297.44904
australia-covid,5,125.39281463623047,226.70293,344.05382028107175,159.66957,0.99249387,0.6311965,0.016235884,0.9684178233146667,-9.853406,0.972393810749054,-4.205428,85.20895
spain-covid,5,31.041717529296875,101.78974,159.76967675180106,40.063515,0.4821092,nan,0.21733792,0.2173188328742981,-28.919207,0.2295793890953064,-2.4687154,5.3094583
japan,15,604.3802490234375,497.0613,1458.4821733569459,1092.4069,0.7327266,0.7341946,0.101354934,0.49483561515808105,0.47192043,0.5066467523574829,0.5006455,419.96768
australia-covid,14,163.66395568847656,363.8967,496.88083329909193,205.53203,0.9886762,0.32129788,0.017778868,0.9341291189193726,-970.3804,0.9397929906845093,-36.41537,141.50809
spain-covid,14,36.44796371459961,106.760345,175.40943175895646,48.41658,0.30810145,nan,0.26500776,0.05658656358718872,-32.066734,0.060951173305511475,-17.60269,6.109293
japan,3,459.3838806152344,392.56427,1115.633564392897,823.09644,0.85308456,0.8632096,0.11456432,0.7044209837913513,0.7025658,0.7052204608917236,0.71594447,299.19904
japan,5,473.0966491699219,401.89517,1140.9645590464236,840.65533,0.85794926,0.8709375,0.13938127,0.6908460855484009,0.6969474,0.6923993825912476,0.71068263,297.44904
japan,10,750.9521484375,608.06946,1622.4167158902178,1222.5076,0.63306886,0.61735195,0.2369058,0.3748916983604431,0.3285745,0.38372868299484253,0.36536697,414.34903
japan,15,604.3802490234375,497.0613,1458.4821733569459,1092.4069,0.7327266,0.7341946,0.101354934,0.49483561515808105,0.47192043,0.5066467523574829,0.5006455,419.96768
region785,3,338.536376953125,182.84048,631.2337869205038,537.12305,0.90254974,0.86185753,6.136559e-08,0.8038032054901123,0.58983684,0.8059108257293701,0.7090298,279.54138
region785,5,543.5673217773438,293.8681,897.8553265977765,768.81384,0.7813984,0.6314783,1.494841e-07,0.6030606031417847,0.084514976,0.6086649298667908,0.3612139,382.91095
region785,10,553.2854614257812,326.35397,971.4498507385752,815.56635,0.7473362,0.6045932,1.2315145e-07,0.5353218913078308,0.12729625,0.5374046564102173,0.351054,408.95572
region785,15,607.097412109375,361.56784,1012.901340210388,851.86066,0.71728396,0.55881596,1.557991e-07,0.4948204755783081,0.009763623,0.49492907524108887,0.2936316,408.8841
state360,3,72.27326202392578,79.66501,175.43447182993998,113.860535,0.9217178,0.77290225,0.002915736,0.8442177772521973,0.095799625,0.8447713851928711,0.26607504,46.42702
state360,5,87.56317138671875,96.066574,199.09273710698238,131.10356,0.8965098,0.700779,0.0042419247,0.7993686199188232,-0.49108863,0.7998318672180176,-0.13596976,53.74986
state360,10,98.54084777832031,107.16981,216.19741954692705,144.6798,0.87836224,0.66477245,0.004784548,0.7634140253067017,-1.3352855,0.7657092213630676,-0.6737948,58.85633
state360,15,101.01718139648438,106.93403,222.98253505039358,149.76746,0.8712587,0.66947275,0.005912358,0.7483310103416443,-1.6651626,0.7501267194747925,-0.027170211,59.82117
australia-covid,3,107.50592041015625,223.55598,323.1908298513434,137.79854,0.9948391,0.7157897,0.0071072946,0.9721319079399109,-90.58027,0.9749701023101807,-49.804413,86.744385
australia-covid,7,114.41084289550781,209.35806,337.314300764139,154.44168,0.9921033,0.5436424,0.011618756,0.9696429967880249,-14.838515,0.972798228263855,-1.5020088,79.98557
australia-covid,14,163.66395568847656,363.8967,496.88083329909193,205.53203,0.9886762,0.32129788,0.017778868,0.9341291189193726,-970.3804,0.9397929906845093,-36.41537,141.50809
ltla_timeseries,3,84.77671813964844,68.300766,169.22576451297243,131.49124,0.6937213,0.7413253,5.9019197e-08,0.392858624458313,0.12012329,0.44748520851135254,0.3793823,81.010124
ltla_timeseries,7,90.79251861572266,73.590324,175.57949810911865,136.5604,0.62621224,0.63275504,6.782377e-08,0.34641140699386597,0.07536764,0.3868926167488098,0.32352164,86.28207
ltla_timeseries,14,104.22012329101562,77.490486,187.3879248377547,149.77719,0.5397277,0.3753502,8.849377e-08,0.25554221868515015,-0.11954316,0.2911723852157593,0.12233663,97.4814
nhs_timeseries,3,3.231506586074829,1.2310542,4.322284820831188,4.103726,0.9942526,0.989893,1.0731518e-08,0.9885022044181824,0.9747911,0.9885033369064331,0.9768256,0.0589939
nhs_timeseries,7,6.474099636077881,2.4964988,8.67704000534713,8.163045,0.98055166,0.9612226,2.1572408e-08,0.9536627531051636,0.90238494,0.9576016664505005,0.9130192,0.07238782
nhs_timeseries,14,10.439462661743164,4.2059574,14.117098868703513,13.178564,0.95425755,0.914371,3.458373e-08,0.8773470520973206,0.73769176,0.8869456052780151,0.7613055,0.18567134
spain-covid,3,17.75965690612793,71.3833,146.7625766544387,30.048166,0.60373485,nan,0.11165621,0.33956992626190186,-3.1987634,0.33968091011047363,-2.3724837,5.2742767
spain-covid,7,45.45841598510742,130.55553,183.58434284409987,54.095806,0.34394675,nan,0.33822894,-0.033397555351257324,-69.034996,0.0031845569610595703,-5.3049273,5.4529343
spain-covid,14,36.44796371459961,106.760345,175.40943175895646,48.41658,0.30810145,nan,0.26500776,0.05658656358718872,-32.066734,0.060951173305511475,-17.60269,6.109293
japan,3,549.5241088867188,485.14035,1272.3614855849733,923.0658,0.8796657,0.88879865,0.11676339,0.7296243906021118,0.7336325,0.7372921705245972,0.75722903,404.9458
japan,5,697.6122436523438,586.0396,1646.5583803801187,1219.98,0.8124634,0.8094583,0.19131333,0.547205924987793,0.5263897,0.5742975473403931,0.5848986,544.0523
japan,10,721.3282470703125,606.7965,1806.2736503641966,1349.301,0.7239101,0.69422424,0.05071381,0.4551039934158325,0.40090886,0.4739488363265991,0.44372904,584.93896
japan,15,776.1428833007812,658.99243,1692.0774213965506,1262.7983,0.7320943,0.71667904,0.135147,0.5218248963356018,0.4774685,0.524702250957489,0.49730918,530.81647
region785,3,355.7681884765625,225.12776,688.9075364299624,570.2769,0.89796865,0.84421206,4.285689e-08,0.8026421070098877,0.6435357,0.8042027950286865,0.6854123,309.0229
region785,5,425.8177490234375,257.3309,851.9394051222188,704.2731,0.8597459,0.77261174,5.1780624e-08,0.6981785297393799,0.48896894,0.7096906900405884,0.56358033,370.07666
region785,10,639.355224609375,433.64386,1168.9026370917297,954.33124,0.7234068,0.54109544,8.860894e-08,0.43181556463241577,0.14335732,0.47618067264556885,0.27781215,529.197
region785,15,682.6272583007812,486.499,1223.631020773828,988.8011,0.71570265,0.5908524,9.210956e-08,0.3773648738861084,0.12758842,0.44444626569747925,0.32572237,569.44244
state360,3,72.63593292236328,85.657364,187.1149170630177,116.1452,0.92256045,0.80952686,0.0037634375,0.836816668510437,0.122530885,0.8380322456359863,0.2636825,48.62921
state360,5,87.87744140625,97.06464,207.15454111906405,135.4281,0.90743226,0.7475463,0.005874488,0.7999918460845947,-0.6025131,0.8018761873245239,0.1657877,55.216946
state360,10,99.53655242919922,116.69202,239.94521672925677,151.75677,0.883629,0.7069161,0.0059674145,0.7316614389419556,-0.695581,0.7386873960494995,-0.04571962,65.143616
state360,15,98.4934310913086,122.64958,247.96892919023142,154.29851,0.8875584,0.765483,0.004825371,0.7134150266647339,-0.6560252,0.7268879413604736,-0.0762981,69.81396
australia-covid,3,109.87309265136719,208.0119,318.0368738448421,142.37892,0.9946586,0.6358267,0.004829456,0.9755781888961792,-39.300907,0.9783220291137695,-2.5729365,79.72807
australia-covid,7,142.37481689453125,258.053,387.37897303545014,179.49277,0.9917676,0.47246736,0.005861559,0.9637677073478699,-61.255936,0.9684513807296753,-3.4331853,98.08136
australia-covid,14,144.2257843017578,299.9776,463.42626840739183,197.36148,0.9872376,0.2092807,0.0046728197,0.9481456875801086,-128.19138,0.9513837099075317,-95.22471,117.42279
ltla_timeseries,3,103.986572265625,84.712814,154.9221074443541,121.76298,0.5296017,0.3546617,1.6977594e-07,-0.05543875694274902,-1.8888353,0.07785040140151978,0.067547426,83.39191
ltla_timeseries,7,92.65249633789062,71.60437,143.5404518876996,113.72339,0.50105566,0.2350728,1.4256001e-07,0.09394443035125732,-1.1914035,0.1314082145690918,-0.055882834,75.19879
ltla_timeseries,14,104.7169189453125,81.286095,157.13705701552388,125.53806,0.44839525,0.058601297,1.8171492e-07,-0.08583402633666992,-2.1485245,-0.006163835525512695,-0.19509937,81.086754
nhs_timeseries,3,5.013385772705078,2.18764,6.737625364365186,6.16669,0.962415,0.88585174,2.2119666e-08,0.917757511138916,0.6317025,0.9260472655296326,0.7405494,0.0
nhs_timeseries,7,6.157700538635254,2.7815468,8.11118068694259,7.4732623,0.943588,0.85591143,2.6181985e-08,0.8808069825172424,0.48506016,0.887260913848877,0.58447886,0.0
nhs_timeseries,14,9.837116241455078,4.882053,13.161636808227147,11.872224,0.8687892,0.6612383,4.1230432e-08,0.6861642003059387,-0.27981505,0.6862196922302246,-0.24058314,0.0
spain-covid,3,10.319108009338379,32.793053,41.15194607810942,12.482269,0.04582548,nan,0.09559759,-296.1672668457031,-1.0484136,-294.92010498046875,-0.6023007,0.011884366
spain-covid,7,21.953813552856445,60.76633,83.64840794864986,25.660976,0.016318018,nan,0.1934796,-1226.822509765625,-14.726704,-1167.6334228515625,-1.5858573,0.012212818
spain-covid,14,40.352901458740234,121.52586,139.32706574818835,43.479027,0.016317902,nan,0.35731056,-3405.364990234375,-42.009743,-3283.835693359375,-5.4260564,0.005652977
japan,3,549.5241088867188,485.14035,1272.3614855849733,923.0658,0.8796657,0.88879865,0.11676339,0.7296243906021118,0.7336325,0.7372921705245972,0.75722903,404.9458
japan,5,697.6122436523438,586.0396,1646.5583803801187,1219.98,0.8124634,0.8094583,0.19131333,0.547205924987793,0.5263897,0.5742975473403931,0.5848986,544.0523
japan,10,721.3282470703125,606.7965,1806.2736503641966,1349.301,0.7239101,0.69422424,0.05071381,0.4551039934158325,0.40090886,0.4739488363265991,0.44372904,584.93896
japan,15,776.1428833007812,658.99243,1692.0774213965506,1262.7983,0.7320943,0.71667904,0.135147,0.5218248963356018,0.4774685,0.524702250957489,0.49730918,530.81647
japan,3,549.5241088867188,485.14035,1272.3614855849733,923.0658,0.8796657,0.88879865,0.11676339,0.7296243906021118,0.7336325,0.7372921705245972,0.75722903,404.9458
japan,5,697.6122436523438,586.0396,1646.5583803801187,1219.98,0.8124634,0.8094583,0.19131333,0.547205924987793,0.5263897,0.5742975473403931,0.5848986,544.0523
region785,3,355.7681884765625,225.12776,688.9075364299624,570.2769,0.89796865,0.84421206,4.285689e-08,0.8026421070098877,0.6435357,0.8042027950286865,0.6854123,309.0229
japan,10,721.3282470703125,606.7965,1806.2736503641966,1349.301,0.7239101,0.69422424,0.05071381,0.4551039934158325,0.40090886,0.4739488363265991,0.44372904,584.93896
japan,15,776.1428833007812,658.99243,1692.0774213965506,1262.7983,0.7320943,0.71667904,0.135147,0.5218248963356018,0.4774685,0.524702250957489,0.49730918,530.81647
region785,5,425.8177490234375,257.3309,851.9394051222188,704.2731,0.8597459,0.77261174,5.1780624e-08,0.6981785297393799,0.48896894,0.7096906900405884,0.56358033,370.07666
japan,3,1948.054443359375,1686.0941,3199.047358199,2445.1016,0.15207511,-0.014299933,0.6925951,-0.7091798782348633,-1.0853691,-0.6645299196243286,-0.577348,883.47296
japan,3,549.5241088867188,485.14035,1272.3614855849733,923.0658,0.8796657,0.88879865,0.11676339,0.7296243906021118,0.7336325,0.7372921705245972,0.75722903,404.9458
japan,5,697.6122436523438,586.0396,1646.5583803801187,1219.98,0.8124634,0.8094583,0.19131333,0.547205924987793,0.5263897,0.5742975473403931,0.5848986,544.0523
japan,10,721.3282470703125,606.7965,1806.2736503641966,1349.301,0.7239101,0.69422424,0.05071381,0.4551039934158325,0.40090886,0.4739488363265991,0.44372904,584.93896
japan,15,776.1428833007812,658.99243,1692.0774213965506,1262.7983,0.7320943,0.71667904,0.135147,0.5218248963356018,0.4774685,0.524702250957489,0.49730918,530.81647
region785,3,355.7681884765625,225.12776,688.9075364299624,570.2769,0.89796865,0.84421206,4.285689e-08,0.8026421070098877,0.6435357,0.8042027950286865,0.6854123,309.0229
region785,5,425.8177490234375,257.3309,851.9394051222188,704.2731,0.8597459,0.77261174,5.1780624e-08,0.6981785297393799,0.48896894,0.7096906900405884,0.56358033,370.07666
region785,10,639.355224609375,433.64386,1168.9026370917297,954.33124,0.7234068,0.54109544,8.860894e-08,0.43181556463241577,0.14335732,0.47618067264556885,0.27781215,529.197
region785,15,682.6272583007812,486.499,1223.631020773828,988.8011,0.71570265,0.5908524,9.210956e-08,0.3773648738861084,0.12758842,0.44444626569747925,0.32572237,569.44244
state360,3,72.63593292236328,85.657364,187.1149170630177,116.1452,0.92256045,0.80952686,0.0037634375,0.836816668510437,0.122530885,0.8380322456359863,0.2636825,48.62921
state360,5,87.87744140625,97.06464,207.15454111906405,135.4281,0.90743226,0.7475463,0.005874488,0.7999918460845947,-0.6025131,0.8018761873245239,0.1657877,55.216946
state360,10,99.53655242919922,116.69202,239.94521672925677,151.75677,0.883629,0.7069161,0.0059674145,0.7316614389419556,-0.695581,0.7386873960494995,-0.04571962,65.143616
state360,15,98.4934310913086,122.64958,247.96892919023142,154.29851,0.8875584,0.765483,0.004825371,0.7134150266647339,-0.6560252,0.7268879413604736,-0.0762981,69.81396
australia-covid,3,109.87309265136719,208.0119,318.0368738448421,142.37892,0.9946586,0.6358267,0.004829456,0.9755781888961792,-39.300907,0.9783220291137695,-2.5729365,79.72807
australia-covid,7,142.37481689453125,258.053,387.37897303545014,179.49277,0.9917676,0.47246736,0.005861559,0.9637677073478699,-61.255936,0.9684513807296753,-3.4331853,98.08136
australia-covid,14,144.2257843017578,299.9776,463.42626840739183,197.36148,0.9872376,0.2092807,0.0046728197,0.9481456875801086,-128.19138,0.9513837099075317,-95.22471,117.42279
ltla_timeseries,3,103.986572265625,84.712814,154.9221074443541,121.76298,0.5296017,0.3546617,1.6977594e-07,-0.05543875694274902,-1.8888353,0.07785040140151978,0.067547426,83.39191
ltla_timeseries,7,92.65249633789062,71.60437,143.5404518876996,113.72339,0.50105566,0.2350728,1.4256001e-07,0.09394443035125732,-1.1914035,0.1314082145690918,-0.055882834,75.19879
ltla_timeseries,14,104.7169189453125,81.286095,157.13705701552388,125.53806,0.44839525,0.058601297,1.8171492e-07,-0.08583402633666992,-2.1485245,-0.006163835525512695,-0.19509937,81.086754
nhs_timeseries,3,5.013385772705078,2.18764,6.737625364365186,6.16669,0.962415,0.88585174,2.2119666e-08,0.917757511138916,0.6317025,0.9260472655296326,0.7405494,0.0
nhs_timeseries,7,6.157700538635254,2.7815468,8.11118068694259,7.4732623,0.943588,0.85591143,2.6181985e-08,0.8808069825172424,0.48506016,0.887260913848877,0.58447886,0.0
nhs_timeseries,14,9.837116241455078,4.882053,13.161636808227147,11.872224,0.8687892,0.6612383,4.1230432e-08,0.6861642003059387,-0.27981505,0.6862196922302246,-0.24058314,0.0
